-- phpMyAdmin SQL Dump
-- version 5.2.2
-- https://www.phpmyadmin.net/
--
-- Хост: mysql
-- Время создания: Мар 07 2025 г., 18:11
-- Версия сервера: 8.0.21
-- Версия PHP: 8.2.27

SET SQL_MODE = "NO_AUTO_VALUE_ON_ZERO";
START TRANSACTION;
SET time_zone = "+00:00";


/*!40101 SET @OLD_CHARACTER_SET_CLIENT=@@CHARACTER_SET_CLIENT */;
/*!40101 SET @OLD_CHARACTER_SET_RESULTS=@@CHARACTER_SET_RESULTS */;
/*!40101 SET @OLD_COLLATION_CONNECTION=@@COLLATION_CONNECTION */;
/*!40101 SET NAMES utf8mb4 */;

--
-- База данных: `test`
--

-- --------------------------------------------------------

--
-- Структура таблицы `bookings`
--

CREATE TABLE `bookings` (
  `id` int NOT NULL,
  `room_id` int NOT NULL,
  `employee_id` int NOT NULL,
  `start_time` datetime NOT NULL,
  `duration` int NOT NULL
) ENGINE=InnoDB DEFAULT CHARSET=utf8mb4 COLLATE=utf8mb4_0900_ai_ci;

--
-- Дамп данных таблицы `bookings`
--

INSERT INTO `bookings` (`id`, `room_id`, `employee_id`, `start_time`, `duration`) VALUES
(676, 3, 3, '2025-05-31 23:37:44', 2),
(677, 4, 5, '2025-05-27 06:03:48', 1),
(678, 2, 2, '2025-04-25 06:00:11', 4),
(679, 6, 8, '2025-04-11 22:02:44', 4),
(680, 2, 9, '2025-04-03 22:21:31', 2),
(681, 4, 3, '2025-03-09 16:11:34', 2),
(682, 4, 3, '2025-04-14 00:38:42', 1),
(683, 2, 7, '2025-03-30 11:40:23', 1),
(684, 4, 6, '2025-03-13 05:37:37', 4),
(685, 4, 10, '2025-05-21 13:38:46', 4),
(686, 2, 7, '2025-03-24 01:29:36', 2),
(687, 2, 4, '2025-05-19 01:45:59', 2),
(688, 5, 4, '2025-05-11 08:39:09', 4),
(689, 4, 2, '2025-03-20 22:07:09', 1),
(690, 4, 2, '2025-04-20 19:32:51', 3),
(691, 6, 5, '2025-03-09 10:29:46', 3),
(692, 2, 9, '2025-05-26 12:42:51', 4),
(693, 6, 9, '2025-04-03 20:03:44', 1),
(694, 2, 10, '2025-04-26 07:39:35', 4),
(695, 6, 1, '2025-03-30 12:34:32', 3),
(696, 2, 7, '2025-05-21 18:56:56', 2),
(697, 5, 1, '2025-04-18 03:36:06', 2),
(698, 3, 4, '2025-05-06 19:46:26', 3),
(699, 2, 5, '2025-04-20 19:01:09', 3),
(700, 5, 6, '2025-03-20 13:53:44', 2),
(701, 3, 8, '2025-06-06 12:22:56', 2),
(702, 6, 2, '2025-05-19 03:02:36', 4),
(703, 2, 6, '2025-04-23 03:25:18', 3),
(704, 4, 8, '2025-05-22 22:40:40', 4),
(705, 2, 5, '2025-06-06 13:47:53', 2),
(706, 2, 1, '2025-05-24 12:48:20', 2),
(707, 5, 7, '2025-04-06 09:33:34', 2),
(708, 2, 10, '2025-03-11 02:28:53', 1),
(709, 2, 8, '2025-05-25 09:59:19', 1),
(710, 5, 3, '2025-04-29 00:32:50', 1),
(711, 6, 10, '2025-04-16 20:15:51', 2),
(712, 4, 2, '2025-05-27 16:27:23', 2),
(713, 2, 9, '2025-03-30 22:18:40', 3),
(714, 5, 5, '2025-04-25 16:44:05', 4),
(715, 6, 9, '2025-03-23 21:34:30', 1),
(716, 5, 5, '2025-05-15 00:26:01', 3),
(717, 6, 2, '2025-05-29 17:42:53', 4),
(718, 4, 9, '2025-03-15 02:37:56', 1),
(719, 2, 4, '2025-05-14 04:16:24', 4),
(720, 6, 3, '2025-04-22 23:35:55', 1),
(721, 2, 8, '2025-04-22 14:21:48', 1),
(722, 2, 2, '2025-05-15 11:15:25', 2),
(723, 6, 9, '2025-05-23 05:06:37', 1),
(724, 6, 7, '2025-04-09 16:18:47', 3),
(725, 2, 1, '2025-05-01 21:13:35', 2),
(726, 2, 6, '2025-06-04 02:07:18', 3),
(727, 2, 1, '2025-06-04 16:36:09', 1),
(728, 4, 10, '2025-06-04 13:08:10', 4),
(729, 4, 10, '2025-06-04 02:26:58', 1),
(730, 4, 2, '2025-03-14 23:15:03', 2),
(731, 6, 6, '2025-03-27 19:35:33', 4),
(732, 6, 6, '2025-06-01 17:37:55', 4),
(733, 4, 4, '2025-04-04 12:25:48', 4),
(734, 5, 8, '2025-06-06 04:45:28', 3),
(735, 6, 9, '2025-04-26 10:25:51', 1),
(736, 5, 6, '2025-05-27 01:36:54', 4),
(737, 4, 3, '2025-05-18 03:11:12', 3),
(738, 2, 4, '2025-04-09 23:38:49', 1),
(739, 5, 6, '2025-04-11 22:34:01', 4),
(740, 4, 5, '2025-03-21 08:53:11', 3),
(741, 3, 3, '2025-04-21 15:50:55', 4),
(742, 5, 2, '2025-04-23 02:28:08', 2),
(743, 6, 1, '2025-06-04 21:16:53', 4),
(744, 2, 10, '2025-04-15 02:19:34', 2),
(745, 6, 3, '2025-05-08 16:09:19', 1),
(746, 6, 3, '2025-03-10 09:52:43', 3),
(747, 5, 8, '2025-03-21 18:22:33', 4),
(748, 2, 7, '2025-05-16 21:25:13', 1),
(749, 2, 9, '2025-05-28 02:03:21', 2),
(750, 3, 6, '2025-03-28 04:08:29', 3),
(751, 3, 4, '2025-05-11 04:53:39', 3),
(752, 6, 5, '2025-05-10 18:44:49', 3),
(753, 5, 3, '2025-04-07 09:13:09', 4),
(754, 2, 1, '2025-03-12 04:24:09', 3),
(755, 2, 5, '2025-05-09 18:00:45', 4),
(756, 6, 7, '2025-05-01 15:25:47', 2),
(757, 3, 3, '2025-03-24 16:21:29', 3),
(758, 2, 9, '2025-03-07 09:53:28', 3),
(759, 2, 8, '2025-03-24 07:40:30', 1),
(760, 2, 1, '2025-05-29 01:02:21', 2),
(761, 5, 9, '2025-04-17 08:23:19', 1),
(762, 4, 5, '2025-03-18 12:10:01', 1),
(763, 6, 3, '2025-04-06 13:37:35', 4),
(764, 3, 1, '2025-04-27 04:49:04', 3),
(765, 6, 9, '2025-05-27 22:56:10', 2),
(766, 2, 1, '2025-03-23 02:49:32', 4),
(767, 4, 10, '2025-05-06 03:29:49', 1),
(768, 6, 3, '2025-03-17 23:28:21', 3),
(769, 5, 5, '2025-03-08 16:53:29', 1),
(770, 4, 6, '2025-05-17 12:19:28', 2),
(771, 5, 10, '2025-03-09 00:31:09', 3),
(772, 3, 6, '2025-05-29 08:14:30', 1),
(773, 2, 8, '2025-04-08 14:56:07', 2),
(774, 4, 2, '2025-06-05 00:54:20', 4),
(775, 4, 7, '2025-04-04 21:38:28', 4),
(776, 3, 3, '2025-05-03 14:25:04', 3),
(777, 3, 8, '2025-04-09 04:49:43', 2),
(778, 6, 10, '2025-04-22 06:14:33', 1),
(779, 5, 8, '2025-06-06 21:55:01', 3),
(780, 2, 4, '2025-03-29 06:37:07', 4),
(781, 4, 2, '2025-05-31 06:36:35', 4),
(782, 6, 2, '2025-04-12 17:14:33', 4),
(783, 2, 3, '2025-05-31 12:18:54', 1),
(784, 2, 9, '2025-05-24 01:51:32', 2),
(785, 4, 4, '2025-04-05 02:28:19', 2),
(786, 3, 5, '2025-04-14 10:09:52', 3),
(787, 3, 7, '2025-04-12 23:10:57', 3),
(788, 4, 8, '2025-05-24 13:31:52', 3),
(789, 6, 7, '2025-04-21 22:28:03', 1),
(790, 4, 2, '2025-05-19 14:52:46', 2),
(791, 6, 7, '2025-03-31 09:41:48', 1),
(792, 3, 1, '2025-03-15 01:57:04', 4),
(793, 4, 10, '2025-05-25 16:45:49', 1),
(794, 5, 1, '2025-04-07 17:12:10', 3),
(795, 6, 1, '2025-05-25 14:02:29', 4),
(796, 2, 2, '2025-04-24 23:47:41', 4),
(797, 2, 1, '2025-03-27 17:41:45', 3),
(798, 6, 3, '2025-04-10 14:08:31', 4),
(799, 3, 6, '2025-04-15 19:59:45', 1),
(800, 4, 8, '2025-03-20 19:56:51', 2),
(801, 6, 6, '2025-04-22 19:15:42', 4),
(802, 6, 3, '2025-05-27 14:03:07', 2),
(803, 3, 3, '2025-04-11 03:49:10', 4),
(804, 5, 3, '2025-03-18 02:30:24', 4),
(805, 5, 4, '2025-04-04 01:53:14', 2),
(806, 6, 1, '2025-05-07 10:55:21', 1),
(807, 5, 4, '2025-04-29 18:05:57', 1),
(808, 3, 2, '2025-04-18 03:32:35', 1),
(809, 2, 2, '2025-05-29 10:09:39', 3),
(810, 6, 10, '2025-06-05 06:16:09', 4),
(811, 3, 4, '2025-05-19 07:20:42', 3),
(812, 5, 10, '2025-05-26 13:09:02', 3),
(813, 5, 2, '2025-05-09 18:19:12', 4),
(814, 2, 9, '2025-05-28 21:58:02', 3),
(815, 4, 1, '2025-03-18 02:13:44', 4),
(816, 6, 2, '2025-05-15 07:18:40', 1),
(817, 5, 7, '2025-05-13 20:58:50', 2),
(818, 4, 8, '2025-05-10 08:20:43', 3),
(819, 6, 8, '2025-05-02 07:18:55', 4),
(820, 3, 7, '2025-03-16 16:48:20', 3),
(821, 4, 8, '2025-04-25 08:17:13', 1),
(822, 3, 6, '2025-04-24 22:17:25', 4),
(823, 6, 4, '2025-05-18 11:58:47', 3),
(824, 2, 9, '2025-05-25 20:12:50', 3),
(825, 6, 6, '2025-03-31 04:32:12', 1),
(826, 5, 7, '2025-05-20 16:05:01', 2),
(827, 4, 5, '2025-04-07 20:00:22', 1),
(828, 4, 7, '2025-04-09 10:23:53', 3),
(829, 4, 5, '2025-05-18 17:27:18', 3),
(830, 2, 10, '2025-05-15 22:17:01', 4),
(831, 3, 9, '2025-03-31 21:21:59', 3),
(832, 2, 4, '2025-04-28 21:15:39', 4),
(833, 5, 8, '2025-03-14 00:25:44', 3),
(834, 6, 3, '2025-05-05 22:23:33', 3),
(835, 5, 1, '2025-04-20 11:30:43', 2),
(836, 5, 2, '2025-04-20 15:48:47', 3),
(837, 2, 9, '2025-03-13 20:44:13', 4),
(838, 6, 5, '2025-04-15 21:30:34', 1),
(839, 5, 5, '2025-04-16 16:44:12', 2),
(840, 2, 9, '2025-04-19 19:10:07', 3),
(841, 4, 4, '2025-04-03 16:27:26', 2),
(842, 4, 1, '2025-03-10 13:45:12', 1),
(843, 6, 9, '2025-04-08 18:30:40', 2),
(844, 6, 5, '2025-04-21 19:30:30', 2),
(845, 3, 2, '2025-03-26 02:06:02', 1),
(846, 3, 2, '2025-05-21 00:43:44', 4),
(847, 4, 10, '2025-04-10 09:30:24', 2),
(848, 4, 10, '2025-04-01 01:45:40', 2),
(849, 2, 10, '2025-03-08 01:01:31', 2),
(850, 3, 3, '2025-06-03 12:19:30', 1),
(851, 3, 1, '2025-04-23 05:25:52', 3),
(852, 2, 9, '2025-04-02 21:25:20', 2),
(853, 5, 9, '2025-05-12 04:03:20', 1),
(854, 4, 7, '2025-05-15 14:58:07', 2),
(855, 2, 10, '2025-03-18 06:53:16', 3),
(856, 2, 5, '2025-03-22 19:33:24', 1),
(857, 6, 5, '2025-05-28 21:03:17', 4),
(858, 6, 7, '2025-06-04 03:55:01', 2),
(859, 2, 6, '2025-06-01 04:12:12', 1),
(860, 2, 10, '2025-03-23 19:43:21', 3),
(861, 2, 10, '2025-04-03 05:34:36', 3),
(862, 5, 1, '2025-04-06 23:20:18', 2),
(863, 3, 6, '2025-03-17 04:01:11', 2),
(864, 2, 3, '2025-03-24 19:23:24', 3),
(865, 5, 1, '2025-05-07 05:26:16', 4),
(866, 4, 7, '2025-05-07 06:45:44', 3),
(867, 6, 5, '2025-04-11 14:19:22', 1),
(868, 4, 10, '2025-03-23 11:25:40', 4),
(869, 3, 7, '2025-03-22 09:12:31', 3),
(870, 5, 2, '2025-04-01 21:20:32', 2),
(871, 6, 10, '2025-03-11 20:14:06', 2),
(872, 5, 6, '2025-04-13 16:43:30', 2),
(873, 2, 2, '2025-04-10 02:09:30', 4),
(874, 2, 5, '2025-03-24 12:35:17', 4),
(875, 2, 3, '2025-03-22 14:46:28', 3),
(876, 3, 9, '2025-04-16 11:37:20', 3),
(877, 3, 2, '2025-05-10 17:46:30', 3),
(878, 4, 5, '2025-04-25 03:15:01', 2),
(879, 4, 4, '2025-03-12 12:05:58', 1),
(880, 4, 3, '2025-03-28 18:50:16', 2),
(881, 4, 8, '2025-03-24 02:43:17', 4),
(882, 3, 7, '2025-04-27 08:00:10', 2),
(883, 2, 6, '2025-04-16 15:23:25', 3),
(884, 4, 5, '2025-04-23 21:29:24', 4),
(885, 3, 7, '2025-04-18 10:09:36', 4),
(886, 5, 8, '2025-04-16 08:34:57', 1),
(887, 5, 8, '2025-04-27 19:22:58', 4),
(888, 4, 7, '2025-05-01 11:24:38', 4),
(889, 6, 4, '2025-03-29 13:30:48', 2),
(890, 6, 9, '2025-04-03 09:41:53', 4),
(891, 3, 7, '2025-04-20 20:43:04', 4),
(892, 2, 5, '2025-04-17 09:40:46', 4),
(893, 5, 4, '2025-05-25 22:23:43', 2),
(894, 3, 7, '2025-03-29 07:35:48', 3),
(895, 3, 9, '2025-04-20 15:58:31', 4),
(896, 3, 6, '2025-05-18 14:04:22', 1),
(897, 5, 5, '2025-03-27 06:36:14', 2),
(898, 4, 5, '2025-05-04 17:23:04', 2),
(899, 3, 2, '2025-05-26 13:05:44', 3),
(900, 2, 6, '2025-05-06 04:03:10', 3),
(901, 5, 4, '2025-06-04 06:10:13', 2),
(902, 4, 2, '2025-03-11 04:51:13', 1),
(903, 5, 2, '2025-03-15 02:19:51', 1),
(904, 5, 10, '2025-04-19 18:57:32', 2),
(905, 3, 9, '2025-05-10 10:54:08', 1),
(906, 6, 3, '2025-05-03 07:24:55', 2),
(907, 3, 3, '2025-05-21 17:52:57', 4),
(908, 6, 2, '2025-03-10 06:17:55', 2),
(909, 3, 1, '2025-06-05 05:18:24', 4),
(910, 3, 5, '2025-05-02 06:33:20', 2),
(911, 3, 3, '2025-04-05 14:28:01', 4),
(912, 4, 7, '2025-03-13 17:44:16', 3),
(913, 2, 4, '2025-03-13 17:37:07', 2),
(914, 5, 8, '2025-04-13 19:14:29', 1),
(915, 6, 7, '2025-03-14 16:16:04', 3),
(916, 3, 4, '2025-03-22 17:14:27', 2),
(917, 4, 6, '2025-03-27 10:31:46', 3),
(918, 3, 3, '2025-03-11 08:16:40', 1),
(919, 3, 3, '2025-05-10 15:36:23', 2),
(920, 2, 1, '2025-05-11 02:26:18', 4),
(921, 5, 5, '2025-05-19 03:53:42', 2),
(922, 4, 1, '2025-03-16 11:11:29', 1),
(923, 2, 10, '2025-03-19 19:22:47', 3),
(924, 6, 4, '2025-05-09 21:06:01', 4),
(925, 5, 3, '2025-05-15 03:44:20', 4),
(926, 5, 2, '2025-05-03 17:59:51', 2),
(927, 6, 6, '2025-04-29 12:08:02', 3),
(928, 2, 7, '2025-05-15 06:03:15', 3),
(929, 3, 2, '2025-04-11 21:26:40', 1),
(930, 5, 8, '2025-03-22 19:32:41', 1),
(931, 3, 7, '2025-05-17 19:59:43', 4),
(932, 5, 6, '2025-03-25 06:46:31', 3),
(933, 6, 4, '2025-05-16 12:24:11', 2),
(934, 3, 6, '2025-05-22 19:36:39', 2),
(935, 3, 4, '2025-04-08 02:32:49', 1),
(936, 3, 8, '2025-04-03 17:21:57', 1),
(937, 6, 4, '2025-05-03 18:21:49', 3),
(938, 5, 5, '2025-03-31 23:50:56', 2),
(939, 3, 1, '2025-04-16 21:26:05', 4),
(940, 3, 3, '2025-06-04 12:11:01', 1),
(941, 6, 7, '2025-05-16 03:33:52', 3),
(942, 2, 5, '2025-03-09 23:48:23', 3),
(943, 3, 3, '2025-05-01 00:27:29', 4),
(944, 4, 2, '2025-04-27 14:27:07', 1),
(945, 2, 10, '2025-06-06 21:12:25', 2),
(946, 3, 10, '2025-05-20 23:08:46', 1),
(947, 5, 3, '2025-05-17 13:24:55', 4),
(948, 4, 4, '2025-03-28 09:49:01', 3),
(949, 2, 4, '2025-04-18 08:38:32', 2),
(950, 5, 1, '2025-04-21 07:19:39', 4),
(951, 3, 8, '2025-03-28 13:44:31', 1),
(952, 4, 4, '2025-06-01 02:34:29', 4),
(953, 5, 5, '2025-03-30 17:54:19', 1),
(954, 4, 1, '2025-04-08 16:22:19', 1),
(955, 5, 3, '2025-05-11 14:36:25', 3),
(956, 3, 10, '2025-06-03 15:53:52', 1),
(957, 3, 5, '2025-04-28 18:33:16', 3),
(958, 4, 9, '2025-04-21 10:58:40', 2),
(959, 6, 2, '2025-05-12 15:06:47', 3),
(960, 2, 8, '2025-05-10 19:20:24', 2),
(961, 6, 10, '2025-05-24 10:35:03', 3),
(962, 3, 2, '2025-06-02 09:46:00', 1),
(963, 4, 1, '2025-05-31 19:25:47', 2),
(964, 3, 6, '2025-03-23 12:56:33', 1),
(965, 6, 10, '2025-06-02 02:31:49', 2),
(966, 2, 2, '2025-04-01 04:28:03', 4),
(967, 5, 10, '2025-05-26 06:44:53', 2),
(968, 4, 10, '2025-04-03 12:02:45', 3),
(969, 6, 10, '2025-04-18 17:49:17', 3),
(970, 3, 3, '2025-04-11 15:40:37', 3),
(971, 3, 6, '2025-03-07 18:57:17', 2),
(972, 4, 10, '2025-05-09 05:42:36', 2),
(973, 6, 7, '2025-04-14 10:24:50', 1),
(974, 6, 6, '2025-05-08 22:06:35', 2),
(975, 2, 2, '2025-04-09 17:33:37', 3),
(976, 6, 3, '2025-05-24 22:36:56', 3),
(977, 2, 7, '2025-03-13 13:03:55', 3),
(978, 3, 6, '2025-04-19 11:33:24', 1),
(979, 3, 9, '2025-05-23 07:38:35', 2),
(980, 3, 7, '2025-05-27 15:37:25', 1),
(981, 4, 3, '2025-05-12 20:23:14', 2),
(982, 2, 3, '2025-03-07 19:45:31', 3),
(983, 6, 1, '2025-04-11 18:44:34', 3),
(984, 6, 10, '2025-05-03 22:23:47', 1),
(985, 4, 5, '2025-04-17 23:45:22', 4),
(986, 2, 7, '2025-06-04 06:15:36', 4),
(987, 4, 1, '2025-04-28 12:44:58', 4),
(988, 4, 2, '2025-04-26 21:24:51', 3),
(989, 3, 4, '2025-05-13 13:54:01', 1),
(990, 6, 10, '2025-05-31 22:43:19', 1),
(991, 3, 2, '2025-05-17 16:20:05', 3),
(992, 2, 8, '2025-05-13 00:31:26', 3),
(993, 3, 4, '2025-05-30 19:07:28', 2),
(994, 5, 2, '2025-05-21 07:29:03', 1),
(995, 6, 1, '2025-03-19 12:26:11', 2),
(996, 2, 7, '2025-05-18 08:19:44', 2),
(997, 2, 4, '2025-05-12 17:40:23', 1),
(998, 6, 10, '2025-03-07 15:40:29', 1),
(999, 5, 8, '2025-05-28 16:39:13', 3),
(1000, 5, 10, '2025-04-10 15:40:22', 3),
(1001, 5, 2, '2025-03-17 04:18:40', 4),
(1002, 2, 8, '2025-06-03 04:15:57', 3),
(1003, 5, 1, '2025-06-04 11:36:38', 3),
(1004, 3, 3, '2025-05-16 06:19:01', 4),
(1005, 2, 8, '2025-03-08 11:16:22', 4),
(1006, 4, 7, '2025-04-15 10:57:48', 2),
(1007, 3, 10, '2025-04-13 05:18:59', 3),
(1008, 2, 1, '2025-04-29 01:54:34', 4),
(1009, 6, 4, '2025-03-28 21:42:33', 1),
(1010, 3, 8, '2025-04-29 11:17:29', 2),
(1011, 6, 5, '2025-04-13 12:09:04', 2),
(1012, 3, 5, '2025-04-10 00:06:01', 1),
(1013, 3, 6, '2025-04-16 07:00:32', 1),
(1014, 3, 4, '2025-04-16 03:32:55', 3),
(1015, 2, 1, '2025-04-05 08:27:32', 1),
(1016, 6, 6, '2025-04-15 12:58:41', 4),
(1017, 4, 7, '2025-03-25 21:29:46', 4),
(1018, 5, 10, '2025-05-11 01:17:11', 4),
(1019, 3, 7, '2025-06-06 18:57:08', 3),
(1020, 3, 9, '2025-05-06 00:38:22', 2),
(1021, 3, 4, '2025-04-01 12:51:55', 1),
(1022, 6, 5, '2025-05-04 00:49:24', 3),
(1023, 4, 1, '2025-03-12 17:29:41', 4),
(1024, 4, 10, '2025-05-16 04:25:46', 4),
(1025, 3, 1, '2025-03-18 20:30:26', 4),
(1026, 6, 3, '2025-04-04 18:25:55', 2),
(1027, 4, 5, '2025-03-07 07:55:35', 2),
(1028, 3, 10, '2025-05-12 10:54:28', 4),
(1029, 2, 8, '2025-05-29 18:24:09', 1),
(1030, 2, 3, '2025-03-08 04:01:43', 4),
(1031, 3, 10, '2025-03-11 12:17:20', 2),
(1032, 2, 2, '2025-03-31 22:14:11', 1),
(1033, 6, 10, '2025-05-19 14:06:13', 4),
(1034, 5, 5, '2025-03-31 15:22:46', 1),
(1035, 6, 2, '2025-05-10 04:07:53', 1),
(1036, 6, 10, '2025-04-28 13:11:22', 3),
(1037, 3, 7, '2025-03-11 22:10:33', 1),
(1038, 5, 1, '2025-05-22 06:17:51', 3),
(1039, 5, 1, '2025-04-24 13:50:11', 3),
(1040, 3, 7, '2025-03-27 09:04:30', 4),
(1041, 6, 9, '2025-04-27 18:03:32', 3),
(1042, 6, 1, '2025-04-16 03:51:05', 2),
(1043, 6, 4, '2025-04-02 23:05:22', 4),
(1044, 6, 9, '2025-05-20 07:26:27', 4),
(1045, 5, 1, '2025-06-03 06:16:34', 3),
(1046, 3, 10, '2025-04-23 21:22:42', 1),
(1047, 3, 3, '2025-06-05 18:21:54', 2),
(1048, 4, 1, '2025-06-01 23:44:12', 2),
(1049, 2, 7, '2025-04-05 11:51:44', 4),
(1050, 5, 4, '2025-04-21 03:31:18', 2),
(1051, 6, 6, '2025-05-11 05:36:56', 2),
(1052, 3, 1, '2025-04-02 20:57:22', 1),
(1053, 4, 8, '2025-05-15 23:16:02', 1),
(1054, 3, 9, '2025-03-08 10:36:29', 4),
(1055, 3, 9, '2025-04-19 06:28:33', 1),
(1056, 6, 8, '2025-05-18 17:55:51', 1),
(1057, 6, 2, '2025-05-28 03:25:32', 1),
(1058, 5, 1, '2025-03-12 13:14:34', 3),
(1059, 5, 2, '2025-03-12 00:08:01', 1),
(1060, 6, 1, '2025-03-09 14:56:35', 4),
(1061, 2, 7, '2025-03-12 09:12:24', 3),
(1062, 6, 1, '2025-05-18 05:53:27', 4),
(1063, 4, 10, '2025-05-23 12:51:28', 4),
(1064, 3, 1, '2025-06-01 09:03:41', 4),
(1065, 5, 4, '2025-03-17 19:36:38', 1),
(1066, 6, 1, '2025-05-13 16:49:32', 2),
(1067, 2, 10, '2025-04-04 08:19:28', 4),
(1068, 6, 9, '2025-03-14 02:37:40', 4),
(1069, 2, 3, '2025-03-21 17:31:06', 4),
(1070, 4, 6, '2025-06-03 06:19:21', 2),
(1071, 4, 6, '2025-04-14 06:07:26', 4),
(1072, 2, 1, '2025-03-08 23:59:35', 1),
(1073, 5, 9, '2025-04-06 14:44:40', 3),
(1074, 3, 6, '2025-04-14 02:55:00', 1),
(1075, 6, 4, '2025-03-14 11:36:23', 1),
(1076, 2, 2, '2025-05-03 09:26:14', 3),
(1077, 6, 8, '2025-04-14 20:38:38', 3),
(1078, 2, 2, '2025-05-26 23:37:43', 2),
(1079, 3, 10, '2025-05-27 22:17:26', 1),
(1080, 6, 6, '2025-03-26 23:22:24', 4),
(1081, 5, 10, '2025-04-08 06:41:33', 2),
(1082, 6, 6, '2025-05-01 22:00:45', 1),
(1083, 4, 1, '2025-04-03 04:46:15', 4),
(1084, 2, 8, '2025-04-27 11:59:56', 1),
(1085, 5, 7, '2025-04-01 11:25:52', 1),
(1086, 2, 8, '2025-04-20 23:41:28', 4),
(1087, 2, 1, '2025-03-22 03:02:53', 3),
(1088, 4, 4, '2025-04-30 16:35:46', 2),
(1089, 5, 2, '2025-04-17 11:06:16', 3),
(1090, 4, 6, '2025-05-01 19:14:40', 2),
(1091, 6, 7, '2025-03-17 05:45:51', 2),
(1092, 4, 5, '2025-05-26 07:28:06', 4),
(1093, 6, 7, '2025-04-07 13:49:19', 1),
(1094, 2, 10, '2025-04-27 08:47:21', 3),
(1095, 5, 6, '2025-05-07 19:36:04', 4),
(1096, 5, 10, '2025-04-26 01:47:41', 4),
(1097, 5, 10, '2025-05-14 02:54:48', 3),
(1098, 5, 7, '2025-03-31 18:13:01', 3),
(1099, 3, 8, '2025-04-28 16:30:24', 1),
(1100, 4, 5, '2025-05-16 10:37:31', 3),
(1101, 4, 5, '2025-03-11 00:05:14', 1),
(1102, 6, 1, '2025-03-28 02:02:25', 3),
(1103, 6, 1, '2025-05-11 10:39:08', 1),
(1104, 2, 6, '2025-03-15 14:58:40', 1),
(1105, 3, 7, '2025-04-21 07:03:14', 1),
(1106, 2, 2, '2025-05-02 13:16:24', 4),
(1107, 4, 4, '2025-06-02 13:51:09', 3),
(1108, 4, 6, '2025-03-12 09:03:49', 2),
(1109, 4, 7, '2025-06-03 05:02:28', 1),
(1110, 5, 10, '2025-04-13 21:30:57', 4),
(1111, 3, 2, '2025-03-20 03:35:25', 3),
(1112, 6, 8, '2025-06-02 21:54:57', 2),
(1113, 5, 3, '2025-03-10 13:30:10', 4),
(1114, 4, 10, '2025-04-24 12:04:27', 1),
(1115, 2, 4, '2025-04-23 17:12:55', 4),
(1116, 6, 4, '2025-04-27 08:49:30', 3),
(1117, 4, 9, '2025-06-04 04:40:28', 4),
(1118, 6, 3, '2025-03-16 22:33:11', 2),
(1119, 2, 1, '2025-03-16 15:54:27', 2),
(1120, 6, 5, '2025-04-26 00:16:50', 4),
(1121, 6, 8, '2025-05-07 14:43:21', 3),
(1122, 2, 9, '2025-03-15 11:37:29', 1),
(1123, 5, 6, '2025-04-28 04:39:39', 2),
(1124, 6, 10, '2025-04-12 03:04:09', 2),
(1125, 4, 2, '2025-05-30 19:26:09', 1),
(1126, 2, 3, '2025-05-10 08:07:03', 1),
(1127, 5, 8, '2025-03-23 16:30:13', 2),
(1128, 6, 2, '2025-05-22 19:27:12', 4),
(1129, 4, 4, '2025-05-08 11:45:57', 2),
(1130, 2, 10, '2025-04-16 05:18:44', 2),
(1131, 3, 7, '2025-05-31 05:20:05', 4),
(1132, 3, 6, '2025-05-29 00:28:39', 2),
(1133, 6, 9, '2025-04-11 09:30:11', 3),
(1134, 3, 8, '2025-03-19 15:42:35', 1),
(1135, 6, 1, '2025-05-19 23:03:47', 3),
(1136, 4, 7, '2025-05-15 00:16:08', 4),
(1137, 3, 5, '2025-04-04 23:29:42', 1),
(1138, 5, 9, '2025-05-24 12:29:28', 2),
(1139, 6, 10, '2025-05-14 18:51:54', 1),
(1140, 6, 10, '2025-05-18 03:43:58', 2),
(1141, 4, 10, '2025-03-28 16:12:41', 1),
(1142, 6, 3, '2025-05-12 05:42:43', 1),
(1143, 5, 5, '2025-03-22 10:55:32', 3),
(1144, 5, 5, '2025-04-03 00:08:22', 3),
(1145, 2, 6, '2025-04-24 18:18:23', 3),
(1146, 2, 8, '2025-03-25 15:57:36', 2),
(1147, 2, 2, '2025-04-29 09:02:34', 3),
(1148, 4, 9, '2025-03-17 19:57:32', 2),
(1149, 3, 3, '2025-03-23 18:03:19', 3),
(1150, 6, 4, '2025-04-22 02:35:08', 1),
(1151, 2, 10, '2025-04-02 04:22:24', 1),
(1152, 2, 10, '2025-05-11 17:02:18', 3),
(1153, 4, 6, '2025-04-02 19:22:41', 2),
(1154, 3, 9, '2025-04-10 16:42:52', 1),
(1155, 2, 3, '2025-05-08 19:16:36', 1),
(1156, 2, 4, '2025-06-03 21:59:59', 3),
(1157, 6, 3, '2025-03-12 00:59:27', 2),
(1158, 3, 4, '2025-03-10 17:12:29', 1),
(1159, 5, 2, '2025-06-04 09:33:40', 2),
(1160, 3, 1, '2025-05-23 17:00:54', 2),
(1161, 6, 3, '2025-03-19 20:49:05', 1),
(1162, 6, 9, '2025-03-19 23:41:05', 1),
(1163, 4, 6, '2025-06-06 03:13:31', 4),
(1164, 2, 5, '2025-04-11 18:23:37', 1),
(1165, 4, 3, '2025-05-30 13:14:54', 3),
(1166, 4, 2, '2025-05-17 11:04:12', 1),
(1167, 4, 10, '2025-05-22 13:51:56', 1),
(1168, 6, 8, '2025-05-29 04:07:18', 4),
(1169, 6, 7, '2025-03-19 04:45:30', 4),
(1170, 5, 6, '2025-05-31 12:38:48', 1),
(1171, 2, 8, '2025-03-10 05:45:16', 4),
(1172, 3, 7, '2025-05-30 11:56:32', 2),
(1173, 5, 7, '2025-03-15 05:49:50', 1),
(1174, 3, 1, '2025-03-27 02:19:39', 3),
(1175, 2, 3, '2025-05-31 14:25:05', 2),
(1176, 4, 4, '2025-04-14 22:36:19', 1),
(1177, 4, 1, '2025-06-02 04:32:02', 1),
(1178, 5, 2, '2025-04-03 18:27:45', 2),
(1179, 3, 8, '2025-03-09 21:08:25', 1),
(1180, 2, 5, '2025-04-10 09:25:58', 1),
(1181, 3, 4, '2025-05-28 15:52:47', 4),
(1182, 6, 9, '2025-04-30 05:01:40', 4),
(1183, 5, 6, '2025-03-30 10:27:42', 4),
(1184, 5, 5, '2025-05-31 21:43:52', 3),
(1185, 4, 5, '2025-04-08 23:56:56', 2),
(1186, 2, 6, '2025-05-16 09:34:31', 2),
(1187, 3, 2, '2025-05-27 12:27:52', 1),
(1188, 2, 1, '2025-05-24 15:47:41', 4),
(1189, 2, 7, '2025-03-15 20:48:29', 3),
(1190, 6, 4, '2025-05-20 03:08:25', 2),
(1191, 3, 9, '2025-05-08 09:58:09', 2),
(1192, 5, 7, '2025-05-10 00:02:11', 3),
(1193, 6, 2, '2025-05-20 14:17:19', 1),
(1194, 3, 3, '2025-06-05 01:58:59', 3),
(1195, 3, 10, '2025-04-20 01:29:05', 3),
(1196, 3, 4, '2025-06-03 03:47:10', 4),
(1197, 4, 4, '2025-04-08 09:52:52', 1),
(1198, 3, 7, '2025-05-21 07:05:27', 1),
(1199, 3, 4, '2025-05-18 08:48:35', 2),
(1200, 6, 8, '2025-03-30 03:17:41', 1),
(1201, 6, 8, '2025-03-13 04:43:15', 4),
(1202, 5, 9, '2025-03-22 15:45:55', 1),
(1203, 6, 3, '2025-03-30 20:41:06', 2),
(1204, 2, 5, '2025-04-17 17:30:24', 1),
(1205, 2, 6, '2025-05-13 08:09:11', 1),
(1206, 5, 6, '2025-05-02 10:25:51', 1),
(1207, 3, 2, '2025-05-11 21:20:10', 2),
(1208, 5, 4, '2025-05-14 14:58:01', 2),
(1209, 5, 8, '2025-04-22 10:12:46', 1),
(1210, 5, 8, '2025-05-30 12:55:44', 4),
(1211, 4, 5, '2025-04-23 07:14:06', 2),
(1212, 3, 6, '2025-03-11 23:21:55', 4),
(1213, 2, 2, '2025-03-26 13:45:35', 2),
(1214, 2, 4, '2025-03-14 01:17:59', 4),
(1215, 6, 9, '2025-05-01 17:29:41', 2),
(1216, 2, 6, '2025-04-23 12:29:32', 4),
(1217, 2, 9, '2025-04-14 01:49:44', 3),
(1218, 3, 9, '2025-06-02 00:29:30', 4),
(1219, 3, 9, '2025-04-18 23:05:37', 4),
(1220, 4, 6, '2025-06-04 09:26:30', 2),
(1221, 6, 4, '2025-05-08 00:04:46', 4),
(1222, 2, 8, '2025-06-06 02:49:40', 1),
(1223, 2, 7, '2025-03-10 21:25:36', 1),
(1224, 2, 7, '2025-04-07 07:37:50', 3),
(1225, 2, 4, '2025-06-02 22:52:37', 2),
(1226, 6, 9, '2025-04-28 21:40:35', 3),
(1227, 4, 2, '2025-04-11 04:37:58', 3),
(1228, 2, 2, '2025-04-28 10:57:11', 2),
(1229, 2, 6, '2025-03-14 11:56:20', 2),
(1230, 3, 9, '2025-04-16 09:35:17', 2),
(1231, 5, 9, '2025-04-12 08:22:28', 1),
(1232, 6, 5, '2025-05-17 21:47:58', 1),
(1233, 4, 5, '2025-05-14 15:46:27', 3),
(1234, 2, 6, '2025-04-13 04:00:33', 1),
(1235, 3, 10, '2025-05-06 13:05:36', 2),
(1236, 4, 3, '2025-04-27 10:27:23', 3),
(1237, 2, 3, '2025-03-25 10:59:41', 1),
(1238, 4, 3, '2025-04-17 17:36:16', 3),
(1239, 5, 6, '2025-03-13 11:34:24', 1),
(1240, 4, 10, '2025-05-10 15:57:51', 4),
(1241, 3, 8, '2025-04-30 15:43:37', 4),
(1242, 5, 2, '2025-05-29 13:50:25', 2),
(1243, 6, 10, '2025-04-16 22:47:17', 1),
(1244, 4, 5, '2025-05-15 05:55:54', 2),
(1245, 6, 1, '2025-04-14 15:12:11', 2),
(1246, 2, 3, '2025-04-08 04:44:09', 2),
(1247, 3, 6, '2025-05-16 20:50:18', 2),
(1248, 5, 8, '2025-04-09 07:19:06', 3),
(1249, 5, 1, '2025-05-08 12:16:47', 3),
(1250, 3, 9, '2025-05-14 07:43:14', 4),
(1251, 2, 8, '2025-05-13 18:52:56', 1),
(1252, 6, 8, '2025-05-31 00:58:30', 2),
(1253, 3, 1, '2025-05-27 02:37:18', 1),
(1254, 5, 9, '2025-04-14 21:21:49', 1),
(1255, 2, 3, '2025-05-31 03:17:26', 3),
(1256, 6, 1, '2025-03-25 19:27:04', 3),
(1257, 5, 10, '2025-03-20 03:18:25', 3),
(1258, 5, 8, '2025-04-28 09:26:56', 3),
(1259, 4, 10, '2025-05-02 21:28:48', 3),
(1260, 5, 9, '2025-04-19 03:39:27', 2),
(1261, 5, 4, '2025-05-10 07:57:35', 3),
(1262, 2, 3, '2025-05-24 06:04:55', 1),
(1263, 3, 3, '2025-04-24 13:08:00', 1),
(1264, 2, 7, '2025-06-01 17:20:19', 4),
(1265, 5, 2, '2025-05-17 05:34:07', 2),
(1266, 5, 7, '2025-04-30 11:53:16', 1),
(1267, 4, 5, '2025-04-07 07:54:30', 4),
(1268, 5, 5, '2025-05-05 14:50:50', 2),
(1269, 3, 8, '2025-05-31 18:40:39', 3),
(1270, 6, 6, '2025-03-14 23:13:13', 1),
(1271, 2, 2, '2025-05-13 15:37:27', 1),
(1272, 4, 1, '2025-03-10 19:06:25', 2),
(1273, 6, 6, '2025-05-13 23:39:47', 4),
(1274, 2, 8, '2025-05-24 09:54:40', 1),
(1275, 6, 1, '2025-06-02 06:49:00', 2),
(1276, 2, 2, '2025-05-20 15:19:08', 4),
(1277, 2, 9, '2025-04-01 12:16:32', 3),
(1278, 3, 7, '2025-04-28 04:51:15', 2),
(1279, 3, 6, '2025-03-12 18:38:06', 1),
(1280, 4, 3, '2025-04-30 09:08:14', 3),
(1281, 5, 1, '2025-05-02 22:38:49', 1),
(1282, 3, 7, '2025-04-11 19:47:29', 1),
(1283, 2, 7, '2025-04-03 15:36:30', 4),
(1284, 3, 9, '2025-04-12 09:57:03', 3),
(1285, 5, 6, '2025-05-29 17:10:15', 2),
(1286, 6, 4, '2025-05-24 05:24:10', 1),
(1287, 2, 8, '2025-05-05 14:45:25', 2),
(1288, 6, 6, '2025-05-19 12:59:08', 1),
(1289, 2, 3, '2025-06-05 10:04:15', 1),
(1290, 5, 4, '2025-03-09 21:28:37', 2),
(1291, 6, 3, '2025-05-08 05:23:05', 1),
(1292, 3, 7, '2025-04-17 08:40:34', 4),
(1293, 5, 3, '2025-06-03 16:47:03', 1),
(1294, 2, 1, '2025-03-29 12:45:15', 1),
(1295, 4, 10, '2025-04-22 08:48:24', 3),
(1296, 4, 10, '2025-05-25 21:36:06', 1),
(1297, 6, 9, '2025-03-12 11:07:53', 4),
(1298, 4, 5, '2025-04-28 01:19:35', 1),
(1299, 4, 2, '2025-04-17 08:09:26', 2),
(1300, 5, 9, '2025-06-02 11:43:51', 4),
(1301, 4, 1, '2025-04-18 12:52:33', 2),
(1302, 5, 8, '2025-04-16 00:23:49', 4),
(1303, 3, 5, '2025-04-05 01:16:22', 3),
(1304, 5, 6, '2025-05-18 06:57:59', 2),
(1305, 4, 5, '2025-05-23 07:16:21', 3),
(1306, 3, 4, '2025-03-21 04:37:36', 4),
(1307, 6, 9, '2025-04-17 17:08:54', 3),
(1308, 4, 7, '2025-05-29 15:47:50', 2),
(1309, 4, 9, '2025-06-03 13:21:37', 1),
(1310, 6, 7, '2025-05-06 03:43:36', 2),
(1311, 5, 7, '2025-05-17 09:41:15', 3),
(1312, 5, 6, '2025-04-19 06:04:30', 2),
(1313, 4, 7, '2025-03-30 23:21:59', 2),
(1314, 2, 7, '2025-05-18 02:19:40', 2),
(1315, 2, 1, '2025-04-13 07:40:31', 2),
(1316, 4, 8, '2025-04-16 21:59:07', 4),
(1317, 5, 10, '2025-04-02 14:46:24', 2),
(1318, 6, 1, '2025-04-10 19:00:20', 4),
(1319, 4, 2, '2025-04-29 23:21:37', 4),
(1320, 5, 7, '2025-04-26 10:05:57', 2),
(1321, 5, 6, '2025-05-07 16:49:39', 1),
(1322, 3, 2, '2025-04-15 15:16:43', 3),
(1323, 6, 5, '2025-05-14 04:15:01', 4),
(1324, 2, 10, '2025-03-15 10:01:56', 1),
(1325, 6, 7, '2025-03-26 18:36:09', 1),
(1326, 2, 1, '2025-05-02 09:41:09', 2),
(1327, 6, 10, '2025-06-06 14:04:19', 2),
(1328, 6, 8, '2025-03-14 21:02:17', 1),
(1329, 3, 9, '2025-03-10 01:07:51', 1),
(1330, 6, 9, '2025-05-14 16:28:37', 1),
(1331, 5, 4, '2025-03-12 02:05:53', 4),
(1332, 6, 9, '2025-05-26 02:46:49', 1),
(1333, 3, 1, '2025-05-09 05:11:17', 3),
(1334, 3, 4, '2025-04-12 01:37:46', 2),
(1335, 3, 1, '2025-03-14 09:44:33', 1),
(1336, 4, 8, '2025-05-11 19:03:58', 4),
(1337, 5, 9, '2025-03-19 18:59:03', 2),
(1338, 5, 9, '2025-04-14 06:54:27', 2),
(1339, 3, 3, '2025-04-25 06:57:13', 4),
(1340, 2, 9, '2025-05-05 18:34:04', 4),
(1341, 6, 5, '2025-06-03 05:41:30', 1),
(1342, 4, 2, '2025-03-25 03:21:48', 4),
(1343, 6, 6, '2025-03-13 13:44:11', 1),
(1344, 6, 9, '2025-04-07 03:30:41', 4),
(1345, 6, 8, '2025-04-04 23:55:10', 3),
(1346, 4, 10, '2025-03-16 00:57:34', 1),
(1347, 5, 1, '2025-04-27 12:02:30', 3),
(1348, 4, 5, '2025-03-25 13:32:41', 1),
(1349, 5, 3, '2025-05-28 19:56:45', 1),
(1350, 6, 9, '2025-04-21 01:51:58', 3),
(1351, 2, 10, '2025-03-09 12:27:53', 2),
(1352, 6, 2, '2025-05-07 00:24:50', 4),
(1353, 6, 10, '2025-04-25 19:54:34', 1),
(1354, 4, 9, '2025-03-30 14:07:51', 4),
(1355, 6, 5, '2025-05-13 05:59:48', 4),
(1356, 5, 5, '2025-03-16 07:39:21', 2),
(1357, 5, 4, '2025-04-29 09:41:56', 3),
(1358, 3, 8, '2025-05-17 08:03:59', 3),
(1359, 2, 4, '2025-03-12 17:05:55', 4),
(1360, 2, 2, '2025-05-06 16:40:10', 2),
(1361, 6, 8, '2025-04-07 22:08:45', 4),
(1362, 4, 5, '2025-04-25 21:17:15', 2),
(1363, 3, 10, '2025-05-16 23:50:58', 1),
(1364, 3, 3, '2025-04-13 19:08:51', 3),
(1365, 2, 8, '2025-05-30 05:40:05', 4),
(1366, 5, 3, '2025-05-05 10:34:02', 1),
(1367, 4, 1, '2025-04-25 12:42:35', 4),
(1368, 2, 9, '2025-04-24 13:37:48', 2),
(1369, 2, 7, '2025-05-04 15:25:06', 2),
(1370, 3, 7, '2025-03-08 03:42:37', 4),
(1371, 5, 7, '2025-05-26 19:33:37', 4),
(1372, 5, 7, '2025-03-10 23:28:46', 1),
(1373, 3, 7, '2025-05-26 11:43:53', 1),
(1374, 5, 6, '2025-05-22 14:20:33', 3),
(1375, 6, 4, '2025-04-17 01:18:28', 4),
(1376, 4, 1, '2025-04-16 18:06:16', 1),
(1377, 5, 10, '2025-06-06 17:58:03', 2),
(1378, 5, 5, '2025-06-03 23:18:48', 4),
(1379, 4, 8, '2025-03-19 07:49:35', 1),
(1380, 4, 2, '2025-04-18 21:45:43', 3),
(1381, 5, 5, '2025-04-09 18:44:55', 3),
(1382, 6, 3, '2025-05-09 15:21:43', 3),
(1383, 3, 1, '2025-05-14 21:15:23', 3),
(1384, 2, 6, '2025-06-05 13:12:08', 2),
(1385, 4, 7, '2025-04-12 21:44:40', 1),
(1386, 6, 8, '2025-04-29 07:41:37', 1),
(1387, 2, 2, '2025-04-21 14:54:02', 2),
(1388, 5, 9, '2025-04-21 14:39:10', 2),
(1389, 2, 4, '2025-04-03 08:38:30', 1),
(1390, 5, 6, '2025-05-10 20:24:42', 3),
(1391, 2, 10, '2025-04-06 08:01:36', 1),
(1392, 3, 9, '2025-05-19 11:15:01', 1),
(1393, 4, 3, '2025-06-01 08:24:37', 4),
(1394, 2, 1, '2025-03-19 01:30:01', 2),
(1395, 2, 2, '2025-04-28 17:49:14', 1),
(1396, 6, 8, '2025-03-17 17:11:25', 4),
(1397, 6, 7, '2025-03-14 13:53:31', 1),
(1398, 3, 1, '2025-06-06 01:21:36', 2),
(1399, 3, 1, '2025-05-24 23:52:39', 3),
(1400, 4, 6, '2025-05-01 15:33:03', 1),
(1401, 3, 5, '2025-05-10 14:10:40', 1),
(1402, 6, 4, '2025-04-07 01:21:05', 1),
(1403, 5, 10, '2025-03-25 13:28:04', 2),
(1404, 4, 3, '2025-03-17 15:13:36', 4),
(1405, 6, 3, '2025-05-05 11:52:38', 3),
(1406, 4, 6, '2025-04-27 07:08:51', 1),
(1407, 6, 4, '2025-06-06 10:03:55', 3),
(1408, 2, 3, '2025-03-30 16:24:17', 3),
(1409, 2, 10, '2025-03-29 16:20:18', 2),
(1410, 3, 6, '2025-04-01 17:35:31', 1),
(1411, 5, 3, '2025-03-10 00:24:54', 4),
(1412, 3, 10, '2025-03-26 09:25:32', 4),
(1413, 4, 7, '2025-03-11 15:14:53', 4),
(1414, 3, 9, '2025-05-15 08:30:35', 3),
(1415, 4, 1, '2025-03-20 10:20:07', 1),
(1416, 5, 3, '2025-03-16 02:41:03', 2),
(1417, 4, 3, '2025-05-19 22:40:29', 4),
(1418, 3, 6, '2025-05-04 18:13:17', 2),
(1419, 4, 3, '2025-04-23 17:07:25', 3),
(1420, 3, 7, '2025-03-09 14:47:54', 2),
(1421, 4, 10, '2025-05-03 12:26:54', 1),
(1422, 5, 5, '2025-03-26 21:06:37', 4),
(1423, 2, 8, '2025-04-15 06:39:05', 3),
(1424, 4, 2, '2025-04-14 11:34:22', 3),
(1425, 4, 4, '2025-04-26 05:13:56', 4),
(1426, 4, 7, '2025-04-27 04:04:51', 2),
(1427, 3, 2, '2025-04-15 00:06:41', 3),
(1428, 6, 2, '2025-03-08 02:27:40', 4),
(1429, 2, 1, '2025-04-12 16:53:44', 4),
(1430, 3, 8, '2025-04-12 05:09:54', 3),
(1431, 4, 1, '2025-03-31 05:26:50', 2),
(1432, 4, 4, '2025-05-28 00:41:09', 2),
(1433, 5, 5, '2025-04-30 20:16:52', 3),
(1434, 2, 9, '2025-05-04 11:20:08', 2),
(1435, 5, 2, '2025-03-15 07:51:34', 3),
(1436, 5, 9, '2025-03-13 16:46:05', 2),
(1437, 4, 8, '2025-04-03 21:38:01', 1),
(1438, 5, 5, '2025-05-25 11:56:07', 2),
(1439, 4, 9, '2025-05-29 20:13:27', 3),
(1440, 5, 3, '2025-04-12 15:01:06', 2),
(1441, 2, 3, '2025-04-12 09:02:10', 1),
(1442, 6, 2, '2025-05-30 11:45:24', 2),
(1443, 5, 7, '2025-05-26 09:10:15', 2),
(1444, 2, 1, '2025-03-26 00:27:13', 3),
(1445, 2, 6, '2025-03-30 09:23:55', 1),
(1446, 6, 4, '2025-04-08 12:49:51', 1),
(1447, 6, 8, '2025-05-27 03:20:31', 3),
(1448, 6, 3, '2025-04-05 23:34:46', 1),
(1449, 5, 6, '2025-04-09 11:12:29', 1),
(1450, 3, 3, '2025-05-25 22:29:55', 2),
(1451, 3, 7, '2025-03-20 21:47:54', 1),
(1452, 2, 5, '2025-04-16 03:40:28', 1),
(1453, 6, 3, '2025-04-22 08:20:58', 4),
(1454, 3, 9, '2025-03-18 11:16:32', 1),
(1455, 3, 3, '2025-03-22 05:26:03', 1),
(1456, 3, 10, '2025-05-26 17:17:57', 1),
(1457, 5, 2, '2025-05-05 21:32:43', 1),
(1458, 2, 3, '2025-03-16 08:15:24', 3),
(1459, 3, 2, '2025-04-29 06:53:33', 1),
(1460, 6, 10, '2025-03-30 15:52:15', 3),
(1461, 4, 3, '2025-04-29 08:30:51', 3),
(1462, 3, 2, '2025-05-21 10:01:20', 1),
(1463, 5, 5, '2025-04-15 11:40:34', 3),
(1464, 4, 7, '2025-04-15 04:04:11', 1),
(1465, 3, 2, '2025-03-31 17:05:44', 4),
(1466, 4, 1, '2025-06-06 22:12:12', 4),
(1467, 6, 6, '2025-04-16 09:23:11', 2),
(1468, 2, 1, '2025-05-17 22:15:03', 2),
(1469, 6, 5, '2025-06-04 13:30:48', 1),
(1470, 6, 9, '2025-05-27 01:03:04', 1),
(1471, 5, 1, '2025-05-01 00:24:19', 3),
(1472, 3, 7, '2025-03-18 04:43:01', 2),
(1473, 4, 7, '2025-04-20 07:39:57', 3),
(1474, 3, 7, '2025-04-17 05:36:59', 1),
(1475, 6, 10, '2025-03-18 10:02:01', 3);

-- --------------------------------------------------------

--
-- Структура таблицы `employees`
--

CREATE TABLE `employees` (
  `id` int NOT NULL,
  `full_name` varchar(255) NOT NULL
) ENGINE=InnoDB DEFAULT CHARSET=utf8mb4 COLLATE=utf8mb4_0900_ai_ci;

--
-- Дамп данных таблицы `employees`
--

INSERT INTO `employees` (`id`, `full_name`) VALUES
(1, 'Иванов Иван Иванович'),
(2, 'Петров Петр Петрович'),
(3, 'Сидоров Сергей Сергеевич'),
(4, 'Смирнова Елена Ивановна'),
(5, 'Кузнецова Мария Сергеевна'),
(6, 'Попова Ольга Петровна'),
(7, 'Васильев Алексей Дмитриевич'),
(8, 'Соколов Дмитрий Алексеевич'),
(9, 'Михайлова Наталья Сергеевна'),
(10, 'Федорова Юлия Андреевна');

-- --------------------------------------------------------

--
-- Структура таблицы `rooms`
--

CREATE TABLE `rooms` (
  `id` int NOT NULL,
  `name` varchar(255) NOT NULL
) ENGINE=InnoDB DEFAULT CHARSET=utf8mb4 COLLATE=utf8mb4_0900_ai_ci;

--
-- Дамп данных таблицы `rooms`
--

INSERT INTO `rooms` (`id`, `name`) VALUES
(2, 'Комната 1'),
(3, 'Комната 2'),
(4, 'Комната 3'),
(5, 'Комната 4'),
(6, 'Комната 5');

--
-- Индексы сохранённых таблиц
--

--
-- Индексы таблицы `bookings`
--
ALTER TABLE `bookings`
  ADD PRIMARY KEY (`id`),
  ADD KEY `room_id` (`room_id`),
  ADD KEY `employee_id` (`employee_id`);

--
-- Индексы таблицы `employees`
--
ALTER TABLE `employees`
  ADD PRIMARY KEY (`id`);

--
-- Индексы таблицы `rooms`
--
ALTER TABLE `rooms`
  ADD PRIMARY KEY (`id`);

--
-- AUTO_INCREMENT для сохранённых таблиц
--

--
-- AUTO_INCREMENT для таблицы `bookings`
--
ALTER TABLE `bookings`
  MODIFY `id` int NOT NULL AUTO_INCREMENT, AUTO_INCREMENT=1476;

--
-- AUTO_INCREMENT для таблицы `employees`
--
ALTER TABLE `employees`
  MODIFY `id` int NOT NULL AUTO_INCREMENT, AUTO_INCREMENT=11;

--
-- AUTO_INCREMENT для таблицы `rooms`
--
ALTER TABLE `rooms`
  MODIFY `id` int NOT NULL AUTO_INCREMENT, AUTO_INCREMENT=7;

--
-- Ограничения внешнего ключа сохраненных таблиц
--

--
-- Ограничения внешнего ключа таблицы `bookings`
--
ALTER TABLE `bookings`
  ADD CONSTRAINT `bookings_ibfk_1` FOREIGN KEY (`room_id`) REFERENCES `rooms` (`id`),
  ADD CONSTRAINT `bookings_ibfk_2` FOREIGN KEY (`employee_id`) REFERENCES `employees` (`id`);
COMMIT;

/*!40101 SET CHARACTER_SET_CLIENT=@OLD_CHARACTER_SET_CLIENT */;
/*!40101 SET CHARACTER_SET_RESULTS=@OLD_CHARACTER_SET_RESULTS */;
/*!40101 SET COLLATION_CONNECTION=@OLD_COLLATION_CONNECTION */;
